{
  "agents/gsd-advisor-researcher.md": 1775871364.2928474,
  "agents/gsd-planner.md": 1775871364.2988474,
  "agents/gsd-assumptions-analyzer.md": 1775871364.2928474,
  "agents/gsd-verifier.md": 1775871364.3018475,
  "agents/gsd-ui-checker.md": 1775871364.3008475,
  "agents/gsd-plan-checker.md": 1775871364.2978475,
  "agents/gsd-phase-researcher.md": 1775871364.2978475,
  "agents/gsd-codebase-mapper.md": 1775871364.2938476,
  "agents/gsd-integration-checker.md": 1775871364.2968476,
  "agents/gsd-ai-researcher.md": 1775871364.2928474,
  "agents/gsd-project-researcher.md": 1775871364.2998476,
  "agents/gsd-research-synthesizer.md": 1775871364.2998476,
  "agents/gsd-framework-selector.md": 1775871364.2968476,
  "agents/gsd-doc-verifier.md": 1775871364.2948475,
  "agents/gsd-eval-auditor.md": 1775871364.2958474,
  "agents/gsd-eval-planner.md": 1775871364.2958474,
  "agents/gsd-roadmapper.md": 1775871364.2998476,
  "agents/gsd-intel-updater.md": 1775871364.2968476,
  "agents/gsd-security-auditor.md": 1775871364.3008475,
  "agents/gsd-nyquist-auditor.md": 1775871364.2978475,
  "agents/gsd-user-profiler.md": 1775871364.3008475,
  "agents/gsd-domain-researcher.md": 1775871364.2958474,
  "agents/gsd-debugger.md": 1775871364.2948475,
  "agents/gsd-doc-writer.md": 1775871364.2948475,
  "agents/gsd-ui-researcher.md": 1775871364.3008475,
  "agents/gsd-code-reviewer.md": 1775871364.2938476,
  "agents/gsd-code-fixer.md": 1775871364.2928474,
  "agents/gsd-executor.md": 1775871364.2958474,
  "agents/gsd-ui-auditor.md": 1775871364.3008475
}